# x_m, y_m, w_tr_right_m, w_tr_left_m
0.0, 0.0, 0.7580, 0.7045
0.07216550349902111, -0.31881779600660176, 0.7580, 0.7045
0.14420122339812508, -0.6376376198819524, 0.7580, 0.7045
0.21558665158011223, -0.9565719202189215, 0.7580, 0.7045
0.2855491046366109, -1.2757883559724423, 0.7580, 0.7045
0.3533134787997697, -1.5954550440032909, 0.7580, 0.7045
0.41810453947151405, -1.9157400357571275, 0.7580, 0.7045
0.4791471828839926, -2.236811513509848, 0.7580, 0.7045
0.5356663052693703, -2.5588374632919924, 0.7580, 0.6866
0.5870094562115133, -2.8819415196821074, 0.7580, 0.6688
0.6331212945181343, -3.2060307932084795, 0.7402, 0.6688
0.6741272863911651, -3.5309465867877448, 0.7580, 0.6688
0.7101531596930334, -3.856530268751657, 0.7758, 0.6688
0.7413245768710301, -4.182623272847092, 0.7758, 0.6688
0.7677671349573273, -4.5090668365755695, 0.7758, 0.6866
0.7896066272294716, -4.835702524514204, 0.7758, 0.6866
0.8069797058750848, -5.162406898329807, 0.7580, 0.6866
0.8200530486222593, -5.48915065204821, 0.7580, 0.7045
0.8289981739180794, -5.815919983078896, 0.7580, 0.7045
0.8339864693793577, -6.142701023416224, 0.7758, 0.7045
0.8351894534531785, -6.469479905054564, 0.7758, 0.7045
0.8327785137563543, -6.796242759988277, 0.7580, 0.7045
0.8269252995661927, -7.122975851041969, 0.7580, 0.7045
0.8178011330844025, -7.4496652447948835, 0.7580, 0.7045
0.8055775327580521, -7.776297138656503, 0.7580, 0.6866
0.7904259516190735, -8.102857599206075, 0.7580, 0.6866
0.7725179735296546, -8.429332954683318, 0.7580, 0.6688
0.7520249206915206, -8.755709206252364, 0.7580, 0.6688
0.7291183769668432, -9.081972551322687, 0.7580, 0.6866
0.7039711036899822, -9.408109710624753, 0.7580, 0.6866
0.6767824207344051, -9.734117544232745, 0.7580, 0.6866
0.6477750011717546, -10.060002201168036, 0.7580, 0.6866
0.6171726301306767, -10.38577009211247, 0.7580, 0.6866
0.585198961909659, -10.71142762774791, 0.7580, 0.6866
0.5520775853920046, -11.036981153341074, 0.7580, 0.6866
0.5180321548761522, -11.362437210404059, 0.7580, 0.6866
0.4832863900756769, -11.687802078788476, 0.7402, 0.7045
0.4480640107041374, -12.013082234591295, 0.7580, 0.6688
0.41258854022973307, -12.338284088494365, 0.7402, 0.7045
0.37708369836603883, -12.663414051179538, 0.7758, 0.6688
0.34177313941147747, -12.988478533328667, 0.7402, 0.7045
0.30688058307965627, -13.313484011038721, 0.7758, 0.6688
0.2726296182538458, -13.638436764161305, 0.7402, 0.7045
0.23889746075210513, -13.963346081643598, 0.7580, 0.6866
0.20392843414390943, -14.288233746720865, 0.7402, 0.7045
0.16548651876579487, -14.613125532950749, 0.7402, 0.7045
0.1214613574015565, -14.93805244710057, 0.7402, 0.7045
0.07663584203281891, -15.263331817921937, 0.7580, 0.6866
0.04610915628666224, -15.589709770284125, 0.7580, 0.6866
0.04582054477313685, -15.917959053010627, 0.7580, 0.6866
0.08890726081257132, -16.24485352316764, 0.7580, 0.6866
0.18125254413561473, -16.556814048293, 0.7580, 0.6866
0.3275812635115968, -16.838608128743136, 0.7758, 0.6866
0.5319988065146873, -17.075746184402846, 0.7758, 0.6866
0.7875255759874855, -17.267033473503542, 0.7758, 0.6866
1.0776128546382986, -17.422751944752278, 0.7758, 0.6866
1.3854977560695219, -17.553540190095383, 0.7580, 0.6866
1.6993633657615836, -17.669034053090538, 0.7580, 0.6688
2.014511765974997, -17.777425992652184, 0.7580, 0.6688
2.3267976004967235, -17.886796477007753, 0.7580, 0.6688
2.6320755131137075, -18.005225908969553, 0.7758, 0.6688
2.926199951367551, -18.14079475676501, 0.7758, 0.6688
3.2050256898754554, -18.301583554036668, 0.7758, 0.6688
3.4643303134119288, -18.495275830058187, 0.7758, 0.6688
3.6985655076654633, -18.722720738514294, 0.7758, 0.6688
3.9010654063986077, -18.979006650465433, 0.7758, 0.6688
4.065129015454033, -19.259041587483644, 0.7580, 0.6688
4.1840555369197405, -19.557733701971227, 0.7758, 0.6866
4.251144107468623, -19.86999108091534, 0.7580, 0.6866
4.259693798358457, -20.190721942133404, 0.7580, 0.6866
4.204116653714415, -20.51409099517839, 0.7402, 0.6866
4.0877131934627915, -20.828326854454893, 0.7402, 0.7045
3.918043443128937, -21.118813427003836, 0.7402, 0.7045
3.702696145476297, -21.370937890622187, 0.7223, 0.7045
3.449776953553816, -21.575575817167664, 0.7045, 0.7402
3.168595093220417, -21.736378482444955, 0.7045, 0.7402
2.8686305238006065, -21.858811123562024, 0.7045, 0.7402
2.558149230804723, -21.947917508002696, 0.7045, 0.7402
2.2403680028043125, -22.006988932161214, 0.6866, 0.7580
1.9171910739694782, -22.038861076114557, 0.6866, 0.7580
1.5905226130552703, -22.046369619939735, 0.6866, 0.7580
1.262266985062032, -22.032350243713736, 0.6866, 0.7580
0.9343284241599324, -21.999638758343792, 0.7045, 0.7580
0.6086081554235343, -21.95107025517082, 0.7045, 0.7580
0.28630471469841784, -21.889355144315225, 0.6866, 0.7580
-0.03299015378508646, -21.81691849513997, 0.6866, 0.7580
-0.34990822926489595, -21.73614560461446, 0.6866, 0.7580
-0.6650813563940154, -21.64942190053838, 0.6866, 0.7580
-0.9791411835801065, -21.559132679881134, 0.6866, 0.7580
-1.29271962089131, -21.467663370442395, 0.6866, 0.7580
-1.6064405323358906, -21.37736623455552, 0.6866, 0.7758
-1.9206105185856313, -21.289257103633354, 0.6866, 0.7580
-2.235116934802283, -21.202586124144737, 0.6688, 0.7580
-2.549818418909537, -21.116482555415022, 0.6688, 0.7580
-2.8645735434159487, -21.030075460524216, 0.6866, 0.7580
-3.179241011660313, -20.942494098797678, 0.6866, 0.7580
-3.493679396151201, -20.85286753331541, 0.6688, 0.7580
-3.807739223337292, -20.760340395956185, 0.6866, 0.7580
-4.121148431730667, -20.66429189722243, 0.6866, 0.7580
-4.433539257521469, -20.564284213709787, 0.6688, 0.7580
-4.74454164737063, -20.45988416648749, 0.6688, 0.7580
-5.053785220863468, -20.35065870745501, 0.6688, 0.7580
-5.360899924660919, -20.236174723096706, 0.6688, 0.7758
-5.665515443763421, -20.115999230727166, 0.6510, 0.7758
-5.967261528586515, -19.989699051415624, 0.6510, 0.7758
-6.26576812579115, -19.85684107164644, 0.6510, 0.7758
-6.560664920377767, -19.71699237414932, 0.6510, 0.7758
-6.851581728177027, -19.56971971457838, 0.6688, 0.7758
-7.138148299604518, -19.414590044833094, 0.6688, 0.7758
-7.419994515906041, -19.251170382228057, 0.6510, 0.7758
-7.696750127497138, -19.079027482417377, 0.6688, 0.7758
-7.968253624444272, -18.89805929781242, 0.6688, 0.7758
-8.235178651662704, -18.70948699789061, 0.6688, 0.7580
-8.498407462888377, -18.51486288347151, 0.6688, 0.7580
-8.75882244268744, -18.315738993714195, 0.6688, 0.7580
-9.017305844795823, -18.113667629438226, 0.6688, 0.7758
-9.274740053779691, -17.91020096063292, 0.6688, 0.7758
-9.532007388790074, -17.706891091872468, 0.6688, 0.7580
-9.789886878502076, -17.50510618041103, 0.6688, 0.7580
-10.048400567811441, -17.30486519663367, 0.6688, 0.7758
-10.30723348291093, -17.10558640387001, 0.6688, 0.7758
-10.566069210860617, -16.906685318014564, 0.6688, 0.7758
-10.824591207890336, -16.707577585792123, 0.6688, 0.7758
-11.082482995645078, -16.507678853927445, 0.6688, 0.7758
-11.339428161184902, -16.30640457289995, 0.6688, 0.7580
-11.595187350582348, -16.10330730328251, 0.6510, 0.7580
-11.849825455637369, -15.89847973830147, 0.6510, 0.7580
-12.103482530123879, -15.69214782178451, 0.6510, 0.7580
-12.356298627815773, -15.484537432144183, 0.6510, 0.7580
-12.608413737071816, -15.275874513208167, 0.6510, 0.7580
-12.859967780835696, -15.066384943389021, 0.6510, 0.7580
-13.11110087829643, -14.856294666514415, 0.6688, 0.7402
-13.361953017812764, -14.645829626412027, 0.6688, 0.7402
-13.612664187743524, -14.43521563607929, 0.6688, 0.7402
-13.863374441862591, -14.224678639343887, 0.6688, 0.7402
-14.114223703113623, -14.014444645448608, 0.6688, 0.7758
-14.365352090685638, -13.804739467390887, 0.6688, 0.7758
-14.616899527522309, -13.595788983583285, 0.6688, 0.7758
-14.868980032179383, -13.387787476934946, 0.6866, 0.7758
-15.120744712632643, -13.179753066480785, 0.6866, 0.7758
-15.370121675757014, -12.969210378629857, 0.6866, 0.7758
-15.614960006961327, -12.753587552487867, 0.6866, 0.7758
-15.85310885706957, -12.530312792575632, 0.6866, 0.7758
-16.082417246075483, -12.296814107168606, 0.6866, 0.7758
-16.3007342593879, -12.050519766202735, 0.6866, 0.7758
-16.50524671973145, -11.78900967186425, 0.6866, 0.7758
-16.683668293678778, -11.512035312108775, 0.6866, 0.7758
-16.816637740814027, -11.220969946569884, 0.6866, 0.7758
-16.884624003067366, -10.917225887708359, 0.6866, 0.7758
-16.87586746956518, -10.602828191422685, 0.6866, 0.7758
-16.80827088518718, -10.282141616241487, 0.6866, 0.7758
-16.70681321010411, -9.960088977090004, 0.6866, 0.7402
-16.59491685168425, -9.641006707749504, 0.6866, 0.7758
-16.485166240060984, -9.325147572247237, 0.6866, 0.7758
-16.38553613262632, -9.011027563149892, 0.6866, 0.7758
-16.303984082595477, -8.697156131512061, 0.6866, 0.7758
-16.248467839429015, -8.382042793803466, 0.6688, 0.7580
-16.226945087172396, -8.064197001078695, 0.6688, 0.7580
-16.247373575286176, -7.742128466052831, 0.6688, 0.7580
-16.318365008194828, -7.419529414396258, 0.6688, 0.7580
-16.45097885873272, -7.1194866739069305, 0.6688, 0.7580
-16.64570024543664, -6.858449530892743, 0.6688, 0.7580
-16.862753700273267, -6.61229373915299, 0.6688, 0.7580
-17.075637202811386, -6.363029093791257, 0.6688, 0.7580
-17.28515143413112, -6.111398841411498, 0.6688, 0.7580
-17.493715249158935, -5.859255865313932, 0.6688, 0.7758
-17.702949765421593, -5.607829119375374, 0.6688, 0.7758
-17.912837778742304, -5.357066860235176, 0.6688, 0.7758
-18.123160933447398, -5.10676002116686, 0.6866, 0.7758
-18.33370087386325, -4.856699470028827, 0.6866, 0.7758
-18.5442392443162, -4.606676009264362, 0.6866, 0.7758
-18.754557623717467, -4.356480637562102, 0.6866, 0.7758
-18.96443765639342, -4.105904157365335, 0.6866, 0.7758
-19.17366092125528, -3.8547374365324534, 0.6866, 0.7580
-19.382009062629404, -3.6027713429218653, 0.6866, 0.7402
-19.589263790257263, -3.3497968752222165, 0.6866, 0.7580
-19.795206617634957, -3.0956047704616574, 0.6866, 0.7580
-19.99961918908884, -2.839986027328839, 0.6688, 0.7580
-20.20228314894528, -2.5827314482670394, 0.6688, 0.7580
-20.403062826243456, -2.323710203034409, 0.6688, 0.7580
-20.602908964350906, -2.063819917920286, 0.6688, 0.7758
-20.80353746730462, -1.8046826916782548, 0.6688, 0.7758
-21.006680135015994, -1.547935603124596, 0.6688, 0.7758
-21.214068963641736, -1.2952157964907063, 0.6688, 0.7758
-21.42743581850838, -1.048160416007986, 0.6688, 0.7758
-21.64851249952727, -0.8084066713229555, 0.6688, 0.7758
-21.87881428255956, -0.5774564281969412, 0.6688, 0.7758
-22.118426011017057, -0.35591974804769155, 0.6688, 0.7758
-22.366853081170472, -0.14404527374984696, 0.6688, 0.7758
-22.623599319327543, 0.05791939846389284, 0.6688, 0.7758
-22.888168486380977, 0.24972667236082802, 0.6688, 0.7758
-23.1600642778083, 0.43112895170824667, 0.6688, 0.7758
-23.43879038908704, 0.6018787056885768, 0.6688, 0.7580
-23.722790332829902, 0.7636016308870546, 0.6688, 0.7580
-24.006735916607276, 0.9245862156156455, 0.6688, 0.7580
-24.284460849460245, 1.0946016848635864, 0.6688, 0.7580
-24.549937912977004, 1.2831824233359947, 0.6688, 0.7580
-24.801448651930833, 1.492591925047131, 0.6688, 0.7580
-25.04230784674438, 1.7165995959742162, 0.6688, 0.7580
-25.27609370453227, 1.9485184407957694, 0.6688, 0.7758
-25.50351787639504, 2.184936406804333, 0.6688, 0.7580
-25.719597888817173, 2.428946582577736, 0.6688, 0.7580
-25.918678866255163, 2.6844101610437177, 0.6866, 0.7580
-26.09570703271167, 2.9547963023103176, 0.6866, 0.7580
-26.25324162396266, 3.238608700901486, 0.6866, 0.7402
-26.399067889794818, 3.5309423348048794, 0.6688, 0.7402
-26.5409175050108, 3.826906704164995, 0.6866, 0.7402
-26.681820432596744, 4.1240587504606285, 0.6688, 0.7402
-26.819386207788696, 4.422776834751214, 0.6688, 0.7402
-26.95092397958737, 4.72359592189568, 0.6688, 0.7402
-27.073742635333016, 5.027051042168084, 0.6688, 0.7402
-27.185151193196138, 5.333677029597097, 0.6688, 0.7402
-27.28245873676235, 5.644008783626532, 0.6688, 0.7580
-27.363199573878596, 5.958525470017172, 0.6688, 0.7580
-27.42770274260314, 6.277012658002611, 0.6688, 0.7758
-27.47818660051682, 6.598787479135523, 0.6688, 0.7758
-27.516905091026214, 6.923157972266755, 0.6688, 0.7758
-27.546112288368178, 7.249432372492516, 0.6688, 0.7758
-27.568062135949333, 7.576918784078786, 0.6866, 0.7580
-27.58500857717625, 7.904925442121777, 0.6866, 0.7402
-27.598992956312564, 8.232834500804339, 0.6866, 0.7402
-27.61071979421061, 8.560493673724977, 0.6866, 0.7402
-27.62037585104065, 8.887931023970546, 0.7045, 0.7580
-27.628146840330977, 9.215174876288428, 0.7045, 0.7580
-27.634218410194784, 9.54225368625621, 0.7045, 0.7580
-27.63877607791501, 9.86919584403638, 0.7045, 0.7758
-27.642005491604866, 10.196029805206532, 0.7223, 0.7758
-27.644092364792623, 10.522783894514044, 0.7223, 0.7758
-27.645222214761244, 10.849486632951628, 0.7223, 0.7758
-27.645580755039038, 11.176166279851525, 0.7223, 0.7758
-27.645353633739187, 11.502851421621571, 0.7223, 0.7758
-27.644726368144628, 11.829570317594028, 0.7223, 0.7758
-27.64388467178368, 12.156351423346477, 0.7223, 0.7758
-27.643013931109042, 12.483223063626292, 0.7223, 0.7758
-27.642269964938762, 12.810200153081036, 0.7223, 0.7758
-27.64175246591712, 13.137272356121601, 0.7223, 0.7758
-27.6415545197612, 13.464426131817962, 0.7223, 0.7758
-27.641769408433447, 13.791648331730816, 0.7223, 0.7758
-27.642490217650916, 14.118925480345245, 0.7223, 0.7758
-27.64381022937607, 14.446244232976579, 0.7223, 0.7758
-27.6458225947411, 14.773591310355277, 0.6688, 0.7758
-27.648620464878196, 15.100953302381548, 0.6688, 0.7758
-27.652297056334696, 15.428316864370716, 0.6688, 0.7758
-27.65694565107301, 15.755668717053238, 0.6688, 0.7758
-27.662659269395114, 16.08299538491421, 0.6510, 0.7758
-27.669531258678568, 16.4102836540992, 0.6510, 0.7580
-27.677654704640442, 16.73752011450841, 0.6510, 0.7580
-27.687949670956556, 17.06450531543814, 0.6688, 0.7580
-27.711215278279994, 17.388815430412766, 0.6688, 0.7580
-27.76475415317112, 17.706562577135177, 0.6688, 0.7580
-27.865981763273904, 18.013832576429703, 0.6688, 0.7580
-28.026696706874045, 18.30410445655177, 0.6688, 0.7580
-28.24004760045117, 18.562202040276933, 0.6688, 0.7758
-28.495317419328973, 18.771155467764977, 0.6688, 0.7758
-28.782043996142246, 18.916874452798815, 0.6688, 0.7758
-29.091300129338304, 19.002615294682993, 0.6688, 0.7758
-29.414730214691115, 19.038097175839248, 0.6688, 0.7758
-29.743968835706482, 19.032987339083288, 0.6866, 0.7580
-30.069599551142343, 18.990852085977718, 0.6866, 0.7580
-30.381753050874433, 18.906176267677324, 0.6866, 0.7580
-30.68680881374075, 18.79493726580764, 0.6866, 0.7580
-30.997542674518517, 18.68431022239421, 0.6866, 0.7580
-31.31423657237892, 18.591826062769442, 0.7045, 0.7580
-31.634667374437292, 18.533062416754877, 0.6866, 0.7580
-31.956589641252776, 18.52311715967523, 0.6866, 0.7580
-32.27719281215479, 18.5649401209935, 0.6866, 0.7758
-32.59307111428749, 18.64868181136709, 0.6866, 0.7758
-32.90080039314602, 18.763916172577527, 0.6866, 0.7758
-33.19783541179033, 18.903200141335695, 0.6866, 0.7758
-33.4831846078174, 19.06436376725026, 0.6866, 0.7758
-33.756015312152975, 19.245775924280945, 0.6866, 0.7758
-34.01549498655305, 19.44580581346307, 0.6866, 0.7758
-34.26079083111312, 19.662822439586623, 0.6688, 0.7758
-34.49107030758916, 19.89519480744155, 0.6688, 0.7580
-34.70552645504945, 20.141299640802103, 0.6688, 0.7580
-34.903980886459216, 20.39970127400933, 0.6688, 0.7580
-35.08690426361352, 20.66915799723782, 0.6688, 0.7758
-35.254797143017676, 20.948436670043016, 0.6688, 0.7758
-35.408160081177, 21.236304479055956, 0.6510, 0.7758
-35.547493503766596, 21.531528480077437, 0.6510, 0.7758
-35.67329803270689, 21.83287566349314, 0.6510, 0.7758
-35.78613061233743, 22.13914677389113, 0.6510, 0.7580
-35.88714895946838, 22.449499984080234, 0.6510, 0.7402
-35.97787305984952, 22.763309533013658, 0.6510, 0.7402
-36.05982826327064, 23.079952407079737, 0.6510, 0.7402
-36.13453959244583, 23.39880565808188, 0.6688, 0.7402
-36.2035322009195, 23.71924646865376, 0.6688, 0.7402
-36.26833137306623, 24.040651890598806, 0.6688, 0.7402
-36.33028420247127, 24.362472960222206, 0.6688, 0.7402
-36.38975747171762, 24.684567857541808, 0.6688, 0.7402
-36.44678179508189, 25.00693442385861, 0.6688, 0.7402
-36.501387656010436, 25.329570565888744, 0.6866, 0.7402
-36.55360547253448, 25.652474255763472, 0.6866, 0.7580
-36.603465728100375, 25.97564340019891, 0.6866, 0.7580
-36.650998709909096, 26.29907590591119, 0.6866, 0.7580
-36.69623496682213, 26.622769745031558, 0.6688, 0.7580
-36.73920491687071, 26.946722758861046, 0.6866, 0.7402
-36.779938978086065, 27.27093298494601, 0.6866, 0.7580
-36.81846750308429, 27.59539826458746, 0.6866, 0.7580
-36.85482104072687, 27.920116569916647, 0.6866, 0.7580
-36.88902987821479, 28.24508580764972, 0.6866, 0.7580
-36.92112548022123, 28.570303819087655, 0.6866, 0.7580
-36.9512123801094, 28.89576039947161, 0.6866, 0.7580
-36.97951972704792, 29.2214318685278, 0.6866, 0.7580
-37.006289099078366, 29.547293106849796, 0.6866, 0.7580
-37.03176181258183, 29.873318995031166, 0.6866, 0.7580
-37.056179445599874, 30.199484413665473, 0.6866, 0.7580
-37.07978337992874, 30.525764374176504, 0.6866, 0.7580
-37.10281499736463, 30.852133691742733, 0.6866, 0.7580
-37.12551587594912, 31.178567377787957, 0.6866, 0.7580
-37.148127397478426, 31.50504018207548, 0.6866, 0.7580
-37.17089100916389, 31.83152718144425, 0.6866, 0.7580
-37.19404815821683, 32.158003256487824, 0.6866, 0.7580
-37.217840291848596, 32.48444322238465, 0.6866, 0.7580
-37.242508857270515, 32.810822025143416, 0.6866, 0.7580
-37.26826161290667, 33.13711703113226, 0.6866, 0.7580
-37.29495987870066, 33.46333026821996, 0.6866, 0.7580
-37.322261860645675, 33.78947815560186, 0.6866, 0.7580
-37.3498230172998, 34.11557750496402, 0.6866, 0.7580
-37.37729880722112, 34.44164493174718, 0.6866, 0.7580
-37.40434468896771, 34.76769718222228, 0.6866, 0.7580
-37.4306161865128, 35.093751002660284, 0.6866, 0.7580
-37.45576875841445, 35.41982307391703, 0.6866, 0.7580
-37.47945786323075, 35.745930011433224, 0.6866, 0.7580
-37.501339090350044, 36.07208869231006, 0.6866, 0.7580
-37.52106776750017, 36.39831566657316, 0.6866, 0.7758
-37.53829954948457, 36.72462768049344, 0.6866, 0.7580
-37.5526897640311, 37.05104148034191, 0.6688, 0.7580
-37.5638940659432, 37.37757374697435, 0.6688, 0.7580
-37.57169691239742, 37.70423363850774, 0.6688, 0.7580
-37.57625929000636, 38.03100820274809, 0.6688, 0.7758
-37.57781074042935, 38.357880431763995, 0.6688, 0.7758
-37.57658067449547, 38.684833448454235, 0.6688, 0.7758
-37.57279876469429, 39.01185024488738, 0.6688, 0.7580
-37.5666944218549, 39.33891381313199, 0.6688, 0.7580
-37.55849725305173, 39.66600727608685, 0.6688, 0.7580
-37.54843660369878, 39.99311362582054, 0.6688, 0.7580
-37.53674214628558, 40.32021591981675, 0.6866, 0.7580
-37.52364329164125, 40.64729721555912, 0.6866, 0.7402
-37.509369581425084, 40.97434057053135, 0.6866, 0.7402
-37.494150557296436, 41.3013289113869, 0.6866, 0.7402
-37.478215760914615, 41.62824542643967, 0.6866, 0.7402
-37.461794472278484, 41.9550730423431, 0.6866, 0.7402
-37.445039435695385, 42.281799461054455, 0.6688, 0.7580
-37.42788098406154, 42.608425271309834, 0.6688, 0.7580
-37.410209874125, 42.93495367845014, 0.6866, 0.7402
-37.39191673180358, 43.26138762615585, 0.6866, 0.7402
-37.37289224843022, 43.58773031976785, 0.6688, 0.7580
-37.35302711533785, 43.91398476838174, 0.6866, 0.7402
-37.33221195844427, 44.240154111923296, 0.6866, 0.7402
-37.31033746908243, 44.56624129407296, 0.6866, 0.7580
-37.287294338585255, 44.89224952017169, 0.6866, 0.7580
-37.262973192870575, 45.218181864730134, 0.6866, 0.7580
-37.237264723271295, 45.54404127142874, 0.6866, 0.7402
-37.21005955570525, 45.86983094560845, 0.6866, 0.7580
-37.181248446920485, 46.195553961779936, 0.6866, 0.7580
-37.15072234991041, 46.521212282396824, 0.6866, 0.7580
-37.11838052538882, 46.84678484379018, 0.6866, 0.7580
-37.08413014929911, 47.1722285373953, 0.6688, 0.7402
-37.04787852841494, 47.49749914259046, 0.6866, 0.7402
-37.00953310034018, 47.82255250416903, 0.6866, 0.7402
-36.96900136809384, 48.1473445323395, 0.6866, 0.7402
-36.92619076927984, 48.47183113731038, 0.6866, 0.7580
-36.881008610671806, 48.79596809845991, 0.6866, 0.7580
-36.83336239528876, 49.11971126058147, 0.6866, 0.7580
-36.78315949531946, 49.44301653388355, 0.7045, 0.7402
-36.730307413782924, 49.76583982857465, 0.6866, 0.7402
-36.674713522867926, 50.08813692403302, 0.6866, 0.7402
-36.61628526017836, 50.40986373046718, 0.6866, 0.7223
-36.55493012873321, 50.73097609267048, 0.6688, 0.7223
-36.49059959051279, 51.051442873045374, 0.6688, 0.7223
-36.42347203255183, 51.37129978824787, 0.6688, 0.7223
-36.35379812559374, 51.690603880263424, 0.6688, 0.7223
-36.28182847496676, 52.00941212566238, 0.6688, 0.7223
-36.20781381682942, 52.32778150101503, 0.6688, 0.7223
-36.13200482192509, 52.645769113721975, 0.6688, 0.7402
-36.05465216099718, 52.963431940353516, 0.7045, 0.7402
-35.97600650478904, 53.28082702289511, 0.7045, 0.7402
-35.896318589459206, 53.59801133791708, 0.7045, 0.7402
-35.81583908575105, 53.915041927404886, 0.7045, 0.7402
-35.73481866440796, 54.23197576792883, 0.7045, 0.7402
-35.65350799617334, 54.548869966889505, 0.7045, 0.7402
-35.57215775179054, 54.865781500857224, 0.7045, 0.7580
-35.49101696662495, 55.18276695391157, 0.7045, 0.7580
-35.41022170412809, 55.49985340791265, 0.6866, 0.7580
-35.329727482017724, 55.81702084583342, 0.6866, 0.7580
-35.24947392213724, 56.13424506407915, 0.6866, 0.7580
-35.16940038466956, 56.451501924470236, 0.6866, 0.7580
-35.0894463606278, 56.76876715799679, 0.6866, 0.7580
-35.00955121019488, 57.08601643023385, 0.7045, 0.7580
-34.92965448979904, 57.40322573383201, 0.7045, 0.7580
-34.84969555962321, 57.72037066895119, 0.7045, 0.7580
-34.769613910680526, 58.037427097411765, 0.6866, 0.7580
-34.68934903398412, 58.35437081561896, 0.6866, 0.7402
-34.60884028971692, 58.671177554562945, 0.6866, 0.7402
-34.52802716889204, 58.98782317606412, 0.6866, 0.7402
-34.446849162522646, 59.30428334569744, 0.6866, 0.7402
-34.365275133011174, 59.62055714765126, 0.6866, 0.7402
-34.28355241492983, 59.93686280676896, 0.6866, 0.7402
-34.202081610479176, 60.253539500452554, 0.6866, 0.7402
-34.12126423767144, 60.570929349784464, 0.6866, 0.7402
-34.04103429264961, 60.89068349783201, 0.7223, 0.7402
-33.95871924064829, 61.21645747238268, 0.7223, 0.7402
-33.844613028613324, 61.52012551887369, 0.7223, 0.7402
-33.653737200623254, 61.75074279903419, 0.7402, 0.7045
-33.38840254582475, 61.89277701572143, 0.7402, 0.7045
-33.06889239617828, 61.94972611169664, 0.7580, 0.7045
-32.729661222950824, 61.961697078825985, 0.7580, 0.7045
-32.39486113918463, 61.96620817098012, 0.7580, 0.6866
-32.0664186201909, 61.98008350310985, 0.7580, 0.6866
-31.74439875401501, 62.0184045313445, 0.7580, 0.6866
-31.429509266850218, 62.091926024885176, 0.7402, 0.7045
-31.124150893634496, 62.20000305605469, 0.7402, 0.7223
-30.83099989779514, 62.34013558976151, 0.7223, 0.7223
-30.552732477344332, 62.509823590914095, 0.7223, 0.7223
-30.29202489570937, 62.70656708983606, 0.7223, 0.7223
-30.05155341631755, 62.92786592060562, 0.7223, 0.7223
-29.8339491007476, 63.171206965107075, 0.7223, 0.7223
-29.639430239258072, 63.43337618220401, 0.7223, 0.7223
-29.464640316579143, 63.71012106571527, 0.7223, 0.7223
-29.305933682606543, 63.997105312689875, 0.7223, 0.7223
-29.159891285214847, 64.29027181191289, 0.7223, 0.7223
-29.025052208508438, 64.58797661598034, 0.7045, 0.7223
-28.900957172923295, 64.8898106841411, 0.7045, 0.7402
-28.78711968620509, 65.19536994719317, 0.6866, 0.7402
-28.68241415036806, 65.50416019389802, 0.7045, 0.7580
-28.585159069728842, 65.81560936902308, 0.6866, 0.7402
-28.493654763200414, 66.12914247365549, 0.6866, 0.7402
-28.406201288035287, 66.444184901373, 0.6866, 0.7402
-28.32109883231621, 66.76016165326268, 0.6866, 0.7402
-28.23664758412595, 67.0764979920721, 0.6866, 0.7402
-28.151305251158444, 67.39266837271974, 0.6866, 0.7402
-28.06487441057875, 67.70856760769114, 0.6866, 0.7402
-27.977839592187536, 68.02430369735094, 0.6866, 0.7402
-27.890690362749833, 68.33998621202672, 0.6866, 0.7402
-27.803916485275995, 68.65572491829136, 0.6866, 0.7402
-27.718007591946158, 68.97162938647243, 0.7045, 0.7580
-27.633453445770687, 69.2878092523126, 0.7045, 0.7580
-27.550662825840234, 69.60435642405675, 0.6866, 0.7580
-27.469676943681, 69.92128176061497, 0.6866, 0.7402
-27.39043280453152, 70.23857329102015, 0.6866, 0.7580
-27.31286728280011, 70.55621904430512, 0.6866, 0.7580
-27.236917318310194, 70.87420704950279, 0.6866, 0.7580
-27.162519850885193, 71.19252520481577, 0.6866, 0.7758
-27.089611820348544, 71.51116160469203, 0.6866, 0.7758
-27.0181302319388, 71.8301042781645, 0.6866, 0.7758
-26.94801189464913, 72.14934112343573, 0.6866, 0.7758
-26.879193879133226, 72.46886016953864, 0.6866, 0.7758
-26.811613059799374, 72.78864944550612, 0.6866, 0.7758
-26.745206376471018, 73.10869698037101, 0.6866, 0.7580
-26.6799108343867, 73.42899067233593, 0.6866, 0.7580
-26.6156632425396, 73.749518681264, 0.6866, 0.7580
-26.552400606168277, 74.07026883994273, 0.6866, 0.7580
-26.490059865096164, 74.39122924282013, 0.6866, 0.7580
-26.428578024561787, 74.71238791892904, 0.6866, 0.7580
-26.367891893558358, 75.03373283188722, 0.7045, 0.7402
-26.3079384773244, 75.35525194531243, 0.6866, 0.7402
-26.24865471568337, 75.67693335365267, 0.6688, 0.7402
-26.189977548458682, 75.99876495511054, 0.6688, 0.7580
-26.131843915473745, 76.32073477871893, 0.6866, 0.7580
-26.074190756552017, 76.6428308535107, 0.6866, 0.7580
-26.016955011516906, 76.96504120851876, 0.6866, 0.7402
-25.96007355477674, 77.28735380736079, 0.6866, 0.7402
-25.90348345698516, 77.60975661365458, 0.6866, 0.7580
-25.847121527135382, 77.93223772184811, 0.6866, 0.7580
-25.790945245398788, 78.25478705801278, 0.6866, 0.7580
-25.735081844185572, 78.57741109824555, 0.6866, 0.7580
-25.67974222184562, 78.90012443011838, 0.6866, 0.7580
-25.625137930879973, 79.22294177203348, 0.6866, 0.7402
-25.571480392959486, 79.54587777697795, 0.6688, 0.7580
-25.5189810951701, 79.8689470325237, 0.6866, 0.7580
-25.467851655428024, 80.19216419165792, 0.6866, 0.7580
-25.418303560819183, 80.51554403819785, 0.6866, 0.7580
-25.370548233014432, 80.83910109430037, 0.6866, 0.7580
-25.324797289929947, 81.1628500783677, 0.6866, 0.7580
-25.281262218651705, 81.48680564338689, 0.6866, 0.7580
-25.240154440850496, 81.81098244234506, 0.6866, 0.7580
-25.201685574442557, 82.13539512822929, 0.6688, 0.7580
-25.16606677943821, 82.46005835402666, 0.6866, 0.7580
-25.13341874673557, 82.78498075453314, 0.6688, 0.7580
-25.103641587444976, 83.11015644238785, 0.6688, 0.7580
-25.076602574286078, 83.43557730611576, 0.6688, 0.7580
-25.052168979978514, 83.76123516882681, 0.6688, 0.7580
-25.030208077241934, 84.08712204987621, 0.6866, 0.7580
-25.01058713879597, 84.41322977237385, 0.6688, 0.7580
-24.993173437360277, 84.73955029025987, 0.6688, 0.7580
-24.977834245654485, 85.06607549205926, 0.6688, 0.7580
-24.964436836398242, 85.39279733171216, 0.6688, 0.7580
-24.95284848231119, 85.71970756691333, 0.6866, 0.7580
-24.94293639069785, 86.04679821701798, 0.6866, 0.7580
-24.934567965108112, 86.37406117055117, 0.6866, 0.7580
-24.927610412846494, 86.7014883160379, 0.7045, 0.7580
-24.921945659619716, 87.02906971037974, 0.7045, 0.7223
-24.917700610762385, 87.35676531952272, 0.7045, 0.7223
-24.915204369747872, 87.68451018625179, 0.7045, 0.7223
-24.91479199282556, 88.01223850295521, 0.7045, 0.7223
-24.91679860165995, 88.33988452743654, 0.7045, 0.7223
-24.92155938333065, 88.66738258291433, 0.7045, 0.7223
-24.929409328671937, 88.99466692719206, 0.7045, 0.7402
-24.940683559348308, 89.3216718180732, 0.7045, 0.7580
-24.955717327854497, 89.64833151336121, 0.7045, 0.7580
-24.97484555960965, 89.97458027085959, 0.6866, 0.7580
-24.9984035071085, 90.30035234837176, 0.6688, 0.7580
-25.02672616118532, 90.62558200370121, 0.6688, 0.7580
-25.06014870891972, 90.95020356006656, 0.6866, 0.7580
-25.09900620656108, 91.27415127527124, 0.6866, 0.7580
-25.143505496721772, 91.59737837750382, 0.6688, 0.7580
-25.193304196658875, 91.91991947136326, 0.6688, 0.7580
-25.24791273960737, 92.2418310100989, 0.6688, 0.7580
-25.30684182046275, 92.56316938154501, 0.6688, 0.7758
-25.369602003290247, 92.88399090812067, 0.6688, 0.7758
-25.435703917570212, 93.20435210849038, 0.6688, 0.7758
-25.504658127367886, 93.52430923965812, 0.6688, 0.7758
-25.57597519674851, 93.84391882028841, 0.6688, 0.7758
-25.649165820607553, 94.16323717280034, 0.6688, 0.7758
-25.723740432180023, 94.48232075044325, 0.6688, 0.7758
-25.7992097917765, 94.80122587563629, 0.6688, 0.7758
-25.875084398047107, 95.12000893621368, 0.6866, 0.7758
-25.950874815057098, 95.4387263854248, 0.6866, 0.7758
-26.02609788672329, 95.7574338915375, 0.6866, 0.7758
-26.100538397297854, 96.07615559273147, 0.6866, 0.7758
-26.174347128634526, 96.39487264945183, 0.6866, 0.7758
-26.247701094050523, 96.71356321304823, 0.6866, 0.7758
-26.32077724144794, 97.03220523862491, 0.6866, 0.7758
-26.393752714974266, 97.3507769429466, 0.7045, 0.7580
-26.466804462531584, 97.66925628111753, 0.7045, 0.7580
-26.54010949743713, 97.98762140448733, 0.7045, 0.7580
-26.61384489842324, 98.30585039899047, 0.7045, 0.7580
-26.688187613392017, 98.62392135056146, 0.6510, 0.7580
-26.76331472107582, 98.94181227971968, 0.6510, 0.7580
-26.83940330020697, 99.2595012723996, 0.6510, 0.7580
-26.91663029868761, 99.57696647995083, 0.6510, 0.7580
-26.995172729834916, 99.89418592289273, 0.6510, 0.7580
-27.07461291810181, 100.21133118508752, 0.6510, 0.7402
-27.149922468557868, 100.53007355745969, 0.6688, 0.7402
-27.213918997170843, 100.85278505770914, 0.6688, 0.7402
-27.25938682361197, 101.18181663986677, 0.6866, 0.7402
-27.273731967140172, 101.51313277970763, 0.6866, 0.7223
-27.231889315870504, 101.827888427535, 0.7045, 0.7223
-27.10703036250319, 102.10514472646166, 0.7223, 0.7223
-26.882807868318984, 102.32546991857139, 0.7402, 0.7045
-26.58529564636754, 102.47553050518104, 0.7402, 0.6866
-26.251298009889716, 102.54353599947993, 0.7402, 0.6866
-25.917364872721144, 102.51805700612486, 0.7580, 0.6866
-25.6108254294971, 102.40074578024016, 0.7758, 0.6866
-25.347409400195342, 102.20971099350623, 0.7758, 0.6866
-25.14204503873199, 101.96409664272238, 0.7758, 0.6866
-24.998836686039265, 101.68095736572555, 0.7758, 0.6866
-24.89889827713969, 101.37291023479442, 0.7758, 0.6866
-24.8204052998238, 101.05200497686397, 0.7758, 0.6866
-24.742679903536832, 100.72974706506301, 0.7758, 0.6866
-24.660880911424492, 100.41012610220169, 0.7758, 0.6866
-24.581715074174767, 100.09165095059849, 0.7758, 0.6866
-24.51215119545007, 99.77270611842705, 0.7758, 0.6688
-24.457378853038776, 99.45201071220455, 0.7758, 0.6688
-24.415917179433368, 99.12953850046743, 0.7580, 0.6688
-24.38472273613281, 98.80555722730571, 0.7580, 0.6688
-24.360752215466277, 98.48033450597907, 0.7580, 0.6688
-24.340962113517605, 98.15413801516233, 0.7580, 0.6688
-24.322308926370614, 97.82723543353032, 0.7580, 0.6866
-24.301751701298848, 97.49989535556958, 0.7580, 0.6688
-24.276632556523985, 97.17252911156045, 0.7580, 0.6866
-24.24509239430933, 96.84584560516842, 0.7580, 0.6866
-24.20537207122297, 96.52059115750812, 0.7580, 0.6866
-24.155712378417835, 96.19751182803371, 0.7580, 0.6688
-24.094354041631775, 95.87735393785985, 0.7580, 0.6866
-24.019537982847968, 95.56086354644063, 0.7758, 0.6688
-23.929557848637103, 95.24876905114763, 0.7758, 0.6688
-23.824470353908996, 94.94120501088454, 0.7758, 0.6688
-23.706467297705395, 94.63758654905519, 0.7758, 0.6510
-23.577868627289895, 94.33728581132894, 0.7758, 0.6510
-23.440994093680768, 94.03967481254489, 0.7758, 0.6510
-23.298163578726513, 93.74412569837241, 0.7758, 0.6510
-23.151696964275608, 93.45001054906574, 0.7758, 0.6510
-23.003825363857484, 93.15672257396317, 0.7758, 0.6510
-22.855596138973254, 92.86393724864976, 0.7758, 0.6510
-22.707213842706054, 92.57153087313192, 0.7580, 0.6688
-22.55886484273541, 92.279384130229, 0.7580, 0.6866
-22.410735506740828, 91.98737783359074, 0.7580, 0.6866
-22.263012202401836, 91.69539246979113, 0.7580, 0.6866
-22.115881362813063, 91.40330891789505, 0.7580, 0.6866
-21.969529355654025, 91.11100772989163, 0.7580, 0.6866
-21.824142548604243, 90.81836958860035, 0.7580, 0.6688
-21.679907374758347, 90.5252752422557, 0.7580, 0.6688
-21.53701020179587, 90.23160537367718, 0.7580, 0.6688
-21.39563746281143, 89.93724060026905, 0.7580, 0.6688
-21.255975460069433, 89.64206167026587, 0.7580, 0.6688
-21.118210692079632, 89.34594920107197, 0.7580, 0.6688
-20.982466793420574, 89.048820769635, 0.7580, 0.6688
-20.8486406698617, 88.75072720350391, 0.7580, 0.6688
-20.716578007132718, 88.45174955201348, 0.7758, 0.6688
-20.586124425548267, 88.15196879908346, 0.7758, 0.6866
-20.45712561083807, 87.85146586321841, 0.7758, 0.6866
-20.32942711790163, 87.5503218591683, 0.7758, 0.6688
-20.20287463246868, 87.24861770543772, 0.7758, 0.6688
-20.07731370943872, 86.94643451677659, 0.7758, 0.6688
-19.9525900999566, 86.64385314627441, 0.7580, 0.6688
-19.828549424336945, 86.3409547086811, 0.7758, 0.6688
-19.70503723747925, 86.03782012250122, 0.7758, 0.6688
-19.58189929052836, 85.73453050248476, 0.7580, 0.6688
-19.458981072968655, 85.43116670172118, 0.7580, 0.6688
-19.336130560059125, 85.12780865748822, 0.7580, 0.6688
-19.21326585206834, 84.82449823546331, 0.7758, 0.6688
-19.090387733977767, 84.52123275362649, 0.7580, 0.6688
-18.96750176607269, 84.21800710959828, 0.7580, 0.6688
-18.84461350863838, 83.91481593933882, 0.7758, 0.6688
-18.72172858737522, 83.61165407505354, 0.7580, 0.6866
-18.598852497153395, 83.30851634894786, 0.7580, 0.6688
-18.475990798258184, 83.00539752781215, 0.7580, 0.6688
-18.353149050974846, 82.70229237843671, 0.7758, 0.6688
-18.230332881003797, 82.39919566761183, 0.7580, 0.6866
-18.107547783215175, 82.09610222754304, 0.7580, 0.6688
-17.9847993833094, 81.7930067596055, 0.7580, 0.6688
-17.862093176156616, 81.48990416141976, 0.7580, 0.6688
-17.739434787457235, 81.18678906894593, 0.7580, 0.6688
-17.61682971208141, 80.88365644521969, 0.7580, 0.6688
-17.494283510314418, 80.58050092620114, 0.7580, 0.6688
-17.37180187327177, 80.27731734409569, 0.7580, 0.6688
-17.249390164993397, 79.97410053110883, 0.7580, 0.6688
-17.127054142009936, 79.67084518861574, 0.7580, 0.6688
-17.004799233776424, 79.36754614882187, 0.7580, 0.6688
-16.88263106599326, 79.06419817851754, 0.7580, 0.6688
-16.760555133530588, 78.7607960444931, 0.7580, 0.6688
-16.638577127503954, 78.45733457895396, 0.7758, 0.6688
-16.516702477368376, 78.15380854869049, 0.7758, 0.6688
-16.394936743409144, 77.85021272049298, 0.7758, 0.6688
-16.273285616741774, 77.54654186115178, 0.7758, 0.6688
-16.15175459223641, 77.24279080287232, 0.7758, 0.6688
-16.030349491838834, 76.9389542470298, 0.7580, 0.6688
-15.909117676096592, 76.635015839844, 0.7758, 0.6688
-15.788188012797908, 76.33093783679014, 0.7758, 0.6688
-15.667698854923534, 76.02667974590838, 0.7580, 0.6510
-15.547788490039101, 75.72220133689936, 0.7580, 0.6510
-15.428595336540496, 75.4174621178032, 0.7580, 0.6688
-15.310257681993368, 75.11242179290541, 0.7580, 0.6688
-15.192913879378436, 74.80703993566127, 0.7580, 0.6688
-15.076702347091617, 74.50127625035631, 0.7580, 0.6688
-14.961761438113648, 74.19509024503064, 0.7580, 0.6866
-14.84822944001016, 73.8884416893849, 0.7580, 0.6866
-14.736244771177056, 73.58129009145924, 0.7758, 0.6866
-14.625945719179953, 73.2735951555392, 0.7758, 0.6866
-14.517470702414721, 72.96531652049512, 0.7758, 0.6866
-14.411070457039898, 72.65638079056136, 0.7758, 0.6866
-14.30839108915842, 72.34630585629667, 0.7758, 0.6866
-14.212021925501883, 72.03433336020419, 0.7758, 0.6866
-14.124570085714783, 71.71969944991685, 0.7758, 0.6866
-14.047349497916011, 71.40202419441233, 0.7758, 0.6866
-13.977224684529373, 71.08224728190271, 0.7580, 0.7045
-13.910103210174668, 70.76159236764005, 0.7580, 0.7045
-13.842338836011495, 70.44114939836919, 0.7580, 0.7045
-13.77308868820676, 70.12116793277643, 0.7580, 0.7045
-13.702596503500999, 69.80157169683083, 0.7580, 0.7045
-13.63110856982452, 69.48228376235014, 0.7580, 0.7045
-13.558871044277364, 69.16322713573703, 0.7580, 0.7045
-13.486130280204918, 68.84432495422443, 0.7580, 0.7045
-13.413132369292116, 68.52550022421502, 0.7580, 0.7045
-13.340075846430974, 68.20669093217414, 0.7580, 0.7045
-13.266996166617018, 67.88788608836147, 0.7580, 0.7045
-13.193894245661953, 67.56908543111656, 0.7758, 0.6866
-13.12077086854722, 67.25028882960915, 0.7758, 0.6866
-13.04762675483915, 66.93149615300896, 0.7758, 0.6866
-12.974462820349439, 66.61270727048581, 0.7758, 0.6866
-12.901279784644432, 66.29392185496408, 0.7758, 0.6866
-12.828078498120673, 65.97513990644374, 0.7758, 0.6866
-12.75485981117475, 65.65636116326432, 0.7758, 0.6866
-12.681624443372998, 65.33758549459561, 0.7758, 0.6866
-12.608373179696853, 65.01881270419221, 0.7758, 0.6866
-12.535106935958009, 64.70004266122388, 0.7758, 0.6866
-12.461826431722812, 64.38127516944527, 0.7758, 0.6688
-12.38853258280296, 64.06251009802614, 0.7758, 0.6688
-12.31522604334963, 63.74374718530599, 0.7758, 0.6688
-12.241907729174534, 63.42498636586972, 0.7758, 0.6688
-12.168578425259124, 63.10622737805683, 0.7580, 0.6688
-12.095238916584854, 62.78747015645221, 0.7402, 0.6688
-12.021889988133175, 62.46871443939536, 0.7402, 0.6688
-11.948532490300648, 62.14996009605606, 0.7402, 0.6688
-11.875167273483859, 61.83120699560405, 0.7402, 0.6688
-11.801795057249125, 61.51245494179399, 0.7402, 0.6510
-11.728416626577902, 61.193703738380485, 0.7402, 0.6510
-11.655032897281881, 60.87495318911819, 0.7402, 0.6510
-11.581644588927396, 60.55620322859199, 0.7402, 0.6510
-11.50825255191102, 60.23745366055651, 0.7402, 0.6510
-11.434857636629326, 59.91870422335129, 0.7402, 0.6510
-11.361460497233528, 59.59995485156117, 0.7402, 0.6510
-11.28806211495042, 59.281205348940816, 0.7402, 0.6510
-11.214663143931238, 58.962455519244855, 0.7580, 0.6510
-11.141264499987637, 58.64370523164306, 0.7580, 0.7045
-11.06786696810112, 58.32495428989003, 0.7580, 0.7045
-10.994471333253092, 58.00620249774045, 0.7580, 0.7045
-10.921078380425023, 57.68744978977916, 0.7580, 0.7045
-10.847688960013485, 57.368695904345714, 0.7580, 0.7045
-10.774303856999934, 57.04994064519472, 0.7580, 0.7045
-10.700923921780923, 56.73118394691105, 0.7580, 0.7045
-10.627549873922804, 56.41242561324938, 0.7580, 0.7045
-10.554182629237255, 56.093665447964305, 0.7758, 0.6866
-10.480822841875503, 55.7749032548105, 0.7758, 0.6866
-10.407471493064344, 55.45613890295768, 0.7758, 0.6866
-10.334129236954995, 55.137372261575656, 0.7758, 0.6866
-10.260796989359148, 54.81860306900391, 0.7758, 0.6866
-10.187475535258255, 54.49983125982731, 0.7758, 0.6866
-10.11416565963377, 54.18105657238541, 0.7758, 0.6866
-10.04086814746713, 53.86227887584793, 0.7758, 0.6866
-9.967583849154906, 53.54349803938465, 0.7758, 0.6866
-9.894313484263467, 53.22471386675021, 0.7758, 0.6688
-9.821058034019577, 52.90592616169923, 0.7758, 0.6688
-9.74781815257448, 52.58713479340148, 0.7758, 0.6688
-9.674594624909599, 52.2683395656116, 0.7758, 0.6688
-9.601388432251778, 51.949540282084214, 0.7758, 0.6688
-9.528200228752214, 51.63073687740423, 0.7758, 0.6688
-9.455030864807464, 51.31192908991112, 0.7758, 0.6688
-9.381881125398998, 50.99311678877469, 0.7580, 0.6688
-9.308751860923389, 50.674299777749525, 0.7402, 0.6688
-9.235643856362074, 50.355477926005435, 0.7402, 0.6688
-9.162557896696507, 50.03665103729702, 0.7402, 0.6510
-9.08949483232326, 49.71781898079406, 0.7402, 0.6510
-9.016455448223802, 49.39898156025119, 0.7402, 0.6510
-8.943440529379556, 49.08013857942302, 0.7402, 0.6510
-8.870450926187125, 48.761289907479345, 0.7402, 0.6510
-8.797487358212813, 48.44243541358991, 0.7402, 0.6510
-8.72455080668343, 48.12357483609423, 0.7402, 0.6510
-8.651641860335088, 47.80470804416205, 0.7402, 0.6510
-8.578761500394599, 47.48583484154803, 0.7402, 0.6510
-8.50591044642828, 47.16695516283703, 0.7402, 0.6510
-8.433089483417582, 46.84806874636857, 0.7402, 0.6510
-8.360299527174202, 46.52917546131244, 0.7580, 0.6688
-8.287541297264474, 46.210275111423215, 0.7580, 0.6688
-8.214815578669846, 45.891367565870695, 0.7580, 0.6688
-8.142123221786896, 45.57245262840952, 0.7580, 0.6866
-8.069465077012177, 45.25353010279432, 0.7580, 0.7045
-7.996841863912043, 44.93459992360999, 0.7580, 0.7045
-7.924254432883047, 44.61566176378087, 0.7580, 0.7045
-7.851703568906661, 44.29671562330702, 0.7580, 0.7045
-7.779190122379425, 43.97776124052792, 0.7580, 0.7045
-7.706714878282823, 43.658798419198234, 0.7580, 0.7045
-7.634278621598295, 43.339827028487704, 0.7580, 0.7045
-7.561882202722396, 43.020846937566084, 0.7580, 0.7045
-7.4895263412214925, 42.70185795018803, 0.7580, 0.7045
-7.417211952907245, 42.38285987010815, 0.7580, 0.7045
-7.344939757345986, 42.06385256649622, 0.7758, 0.7045
-7.272710604934306, 41.744835843106884, 0.7758, 0.6866
-7.2005252806536415, 41.4258095691099, 0.7758, 0.6866
-7.128384634900566, 41.10677348284478, 0.7758, 0.6866
-7.056289452656532, 40.78772751889638, 0.7758, 0.6866
-6.984240518903011, 40.46867148101937, 0.7758, 0.6866
-6.912238618621421, 40.14960523838351, 0.7758, 0.6866
-6.840284667623473, 39.83052852932827, 0.7758, 0.6866
-6.768379320060364, 39.51144122302347, 0.7758, 0.6866
-6.696523491743803, 39.192343188638816, 0.7758, 0.6866
-6.6247179676552275, 38.873234164513846, 0.7758, 0.6866
-6.552963532776106, 38.554114150648566, 0.7758, 0.6866
-6.481260972087861, 38.23498281996738, 0.7758, 0.6866
-6.409611135987096, 37.91584004164002, 0.7758, 0.6866
-6.338014874870369, 37.59668568483627, 0.7758, 0.6866
-6.266472908303998, 37.277519553310725, 0.7758, 0.6866
-6.194986021269467, 36.95834145081808, 0.7758, 0.6866
-6.123555129578422, 36.63915131194317, 0.7758, 0.6866
-6.052181018212364, 36.31994887502553, 0.7758, 0.6866
-5.980864406737593, 36.00073400923491, 0.7758, 0.6866
-5.9096061455506845, 35.68150651832596, 0.7758, 0.6866
-5.83840708504821, 35.3622662060533, 0.7758, 0.6866
-5.767267944796504, 35.04301300700182, 0.7758, 0.6866
-5.696189640607257, 34.72374665951103, 0.7758, 0.6866
-5.625172892046805, 34.404467098165824, 0.7758, 0.6866
-5.55421854951172, 34.08517399589057, 0.7758, 0.6866
-5.4833273325683205, 33.765867287270176, 0.7758, 0.6866
-5.412499175801485, 33.44654618732318, 0.7758, 0.6866
-5.341728126435235, 33.12720637865159, 0.7758, 0.6866
-5.27100613840968, 32.80784210472478, 0.7758, 0.6866
-5.200325361910284, 32.48844793608771, 0.7758, 0.6866
-5.129677750877222, 32.16901824703997, 0.7758, 0.6866
-5.059055455495944, 31.84954734646605, 0.7758, 0.6866
-4.988450495121725, 31.53002967408067, 0.7758, 0.6866
-4.917854758279539, 31.21046536071407, 0.7758, 0.6866
-4.847258694361769, 30.890916092825275, 0.7580, 0.6866
-4.776651836949029, 30.571481301398112, 0.7580, 0.6866
-4.706023719621995, 30.252260940737333, 0.7580, 0.7045
-4.635363810546192, 29.933355095977966, 0.7580, 0.7045
-4.564661643302262, 29.61486372142478, 0.7580, 0.7045
-4.493906751470869, 29.296886705967434, 0.7580, 0.7045
-4.424692974473369, 28.97841161977936, 0.7580, 0.7045
-4.367615599446027, 28.65218301013824, 0.7580, 0.7045
-4.340820453857931, 28.314349365554246, 0.7402, 0.7045
-4.386877539708342, 27.992270952845114, 0.7402, 0.7045
-4.533914639428839, 27.723659392978984, 0.7402, 0.7223
-4.768445379198691, 27.53809815107337, 0.7402, 0.7223
-5.057017512818639, 27.389508358042594, 0.7402, 0.7223
-5.358026369228918, 27.20841215604598, 0.7402, 0.7223
-5.633642514828613, 26.988478211774524, 0.7402, 0.7223
-5.846756736498243, 26.735149390364825, 0.7402, 0.7045
-5.961837045098895, 26.453922328182863, 0.7402, 0.7045
-5.979008906832536, 26.15151620478963, 0.7402, 0.7045
-5.9337188786901, 25.835860575728553, 0.7580, 0.7045
-5.862739089672975, 25.514897360000973, 0.7580, 0.7045
-5.789727376169662, 25.193732404040446, 0.7580, 0.7045
-5.716705850398207, 24.87279358815296, 0.7580, 0.7045
-5.6436738582073955, 24.5520711654855, 0.7580, 0.7045
-5.5706306146158076, 24.231555585430396, 0.7580, 0.7045
-5.4975755308873175, 23.91123716654976, 0.7580, 0.7045
-5.424507756625367, 23.591106292820832, 0.7580, 0.7045
-5.351426768508998, 23.271153282805685, 0.7580, 0.7045
-5.278331716141622, 22.95136858589669, 0.7580, 0.7045
-5.205221945372041, 22.63174245524082, 0.7580, 0.7045
-5.1320967366339225, 22.31226534023041, 0.7758, 0.6866
-5.058955435776051, 21.992927559427574, 0.7758, 0.6866
-4.98579732323211, 21.67371949680953, 0.7758, 0.6866
-4.912621679435751, 21.354631470938386, 0.7758, 0.6866
-4.839427719405551, 21.035653865791364, 0.7758, 0.6866
-4.766214919820504, 20.716777130760814, 0.7758, 0.6866
-4.6929824302840695, 20.397991518993702, 0.7758, 0.6866
-4.619729596645017, 20.07928734905215, 0.7758, 0.6866
-4.546455699337047, 19.76065513574362, 0.7758, 0.6866
-4.473160084208912, 19.442085132215084, 0.7758, 0.6866
-4.399841966279175, 19.123567787858896, 0.7758, 0.6688
-4.326500691396655, 18.805093355822027, 0.7758, 0.6688
-4.253135605410089, 18.486652285496838, 0.7758, 0.6688
-4.179745857922953, 18.1682348300303, 0.7758, 0.6688
-4.106330925614256, 17.849831504229876, 0.7580, 0.6688
-4.032889958087426, 17.531432561242564, 0.7402, 0.6688
-3.9594223666063844, 17.213028385045572, 0.7402, 0.6688
-3.8859273007745583, 16.89460935961613, 0.7402, 0.6688
-3.8124048260070516, 16.57616822387582, 0.7402, 0.6510
-3.738856577681906, 16.25770438908855, 0.7402, 0.6510
-3.6652844528376276, 15.9392184439904, 0.7402, 0.6510
-3.5916905447580807, 15.620711042732593, 0.7402, 0.6510
-3.518076750481771, 15.302182708636082, 0.7402, 0.6510
-3.4444450324623235, 14.983634030436969, 0.7402, 0.6510
-3.3707974185684995, 14.665065727701581, 0.7402, 0.6510
-3.2971358712539076, 14.346478323750874, 0.7402, 0.6510
-3.2234624183873093, 14.027872407320952, 0.7580, 0.6510
-3.14977889159209, 13.709248567147892, 0.7580, 0.6510
-3.07608744956725, 13.390607457382917, 0.7580, 0.6688
-3.002389923936159, 13.071949601346976, 0.7580, 0.6866
-2.9286883425675625, 12.75327571860641, 0.7580, 0.6866
-2.8549847333302205, 12.434586267067067, 0.7580, 0.6866
-2.7812809932626394, 12.115881966295271, 0.7580, 0.6866
-2.7075791502335638, 11.797163339611988, 0.7758, 0.6866
-2.6338811666966184, 11.478431041168442, 0.7758, 0.6866
-2.560189005105429, 11.15968559428558, 0.7758, 0.6866
-2.4865046279136527, 10.840927653114626, 0.7758, 0.6866
-2.4128301284051217, 10.522157871806787, 0.7758, 0.6866
-2.3391672727881185, 10.203376708267905, 0.7758, 0.6866
-2.2655182851767472, 9.88458488206431, 0.7758, 0.6866
-2.1918849317792732, 9.565782916516973, 0.7758, 0.6866
-2.118269305879578, 9.2469714657771, 0.7758, 0.6688
-2.0446733045161665, 8.928151118580788, 0.7758, 0.6688
-1.9710990209728874, 8.609322463664112, 0.7758, 0.6688
-1.8975483522882624, 8.290486089763167, 0.7758, 0.6688
-1.8240232609159326, 7.971642651029166, 0.7758, 0.6688
-1.7505257747246268, 7.652792670783068, 0.7758, 0.6688
-1.6770577907528668, 7.3339367377609666, 0.7758, 0.6688
-1.6036214022845006, 7.015075571529196, 0.7758, 0.6688
-1.5302185063580502, 6.696209695408713, 0.7758, 0.6510
-1.4568511308422603, 6.377339632720493, 0.7758, 0.6510
-1.3835211727756527, 6.058466168445981, 0.7758, 0.6510
-1.310230660026956, 5.739589695075911, 0.7402, 0.6510
-1.2369815550497951, 5.420710997591729, 0.7402, 0.6510
-1.1637758857129479, 5.101830533899281, 0.7402, 0.6510
-1.0906155490548868, 4.78294895814978, 0.7402, 0.6510
-1.0175026383594927, 4.46406692449443, 0.7402, 0.6510
-0.9444389852501679, 4.145184890839079, 0.7402, 0.6510
-0.8714266830107767, 3.826303642165182, 0.7402, 0.6510
-0.7984676286797923, 3.5074236363785807, 0.7580, 0.6510
-0.7255637847108882, 3.1885454622153686, 0.7580, 0.6510
-0.652717244387913, 2.8696698392418676, 0.7580, 0.6510
-0.5799299047493722, 2.550797290779052, 0.7580, 0.6331
-0.507203728248907, 2.2319284709781275, 0.7580, 0.6510
-0.4345407427552461, 1.9130639031600685, 0.7580, 0.6688
-0.36194291072201473, 1.5942041760609524, 0.7580, 0.6688
-0.28941219460287043, 1.2753499438319973, 0.7580, 0.6688
-0.21695055685142214, 0.9565018606244047, 0.7580, 0.7045
-0.144559959921295, 0.6376603843440293, 0.7580, 0.7045
-0.07224249709635368, 0.31882623455720044, 0.7580, 0.7045
